<?xml version="1.0" encoding="UTF-8"?>
<beans xmlns="http://www.springframework.org/schema/beans"  
	xmlns:xsi="http://www.w3.org/2001/XMLSchema-instance"       
	xmlns:p="http://www.springframework.org/schema/p"  
	xmlns:context="http://www.springframework.org/schema/context"   
	xmlns:tx="http://www.springframework.org/schema/tx"  
	xmlns:aop="http://www.springframework.org/schema/aop"  
	xsi:schemaLocation="http://www.springframework.org/schema/beans    
	http://www.springframework.org/schema/beans/spring-beans.xsd    
	http://www.springframework.org/schema/aop    
	http://www.springframework.org/schema/aop/spring-aop.xsd    
	http://www.springframework.org/schema/tx    
	http://www.springframework.org/schema/tx/spring-tx.xsd    
	http://www.springframework.org/schema/context    
	http://www.springframework.org/schema/context/spring-context.xsd">
	
	<bean id="loginAction" class="cn.xyafu.drom.action.LoginAction" scope="prototype">
	  <property name="studentService" ref="studentService"></property>
	  <property name="adminService" ref="adminService"></property>
	  <property name="newsService" ref="newsService"></property>
	</bean>
	
	<bean id="homeAction" class="cn.xyafu.drom.action.HomeAction" scope="prototype"></bean>
    <bean id="collegeAction" class="cn.xyafu.drom.action.sysadmin.CollegeAction" scope="prototype">
         <property name="collegeService" ref="collegeService"></property>
    </bean>
    <bean id="studentAction" class="cn.xyafu.drom.action.sysadmin.StudentAction" scope="prototype">
         <property name="studentService" ref="studentService"></property>
         <property name="classService" ref="classService"></property>
         <property name="dromService" ref="dromService"></property>
    </bean>
    <bean id="classAction" class="cn.xyafu.drom.action.sysadmin.ClassAction" scope="prototype">
         <property name="classService" ref="classService"></property>
    </bean>
    <bean id="dromAction" class="cn.xyafu.drom.action.sysadmin.DromAction" scope="prototype">
         <property name="dromService" ref="dromService"></property>
    </bean>
    <bean id="adminAction" class="cn.xyafu.drom.action.sysadmin.AdminAction" scope="prototype">
         <property name="adminService" ref="adminService"></property>
         <property name="newsService" ref="newsService"></property>
    </bean>
    <bean id="newsAction" class="cn.xyafu.drom.action.sysadmin.NewsAction" scope="prototype">
         <property name="newsService" ref="newsService"></property>
    </bean>
    <bean id="repairAction" class="cn.xyafu.drom.action.sysadmin.RepairAction" scope="prototype">
         <property name="repairService" ref="repairService"></property>
    </bean>
    
    <bean id="stuAction" class="cn.xyafu.drom.action.student.StudentAction" scope="prototype">
         <property name="studentService" ref="studentService"></property>
         <property name="classService" ref="classService"></property>
         <property name="dromService" ref="dromService"></property>
    </bean>
    <bean id="claAction" class="cn.xyafu.drom.action.student.ClassAction" scope="prototype">
         <property name="classService" ref="classService"></property>
    </bean>
    <bean id="drAction" class="cn.xyafu.drom.action.student.DromAction" scope="prototype">
         <property name="dromService" ref="dromService"></property>
    </bean>
    <bean id="adAction" class="cn.xyafu.drom.action.student.AdminAction" scope="prototype">
         <property name="adminService" ref="adminService"></property>
         <property name="newsService" ref="newsService"></property>
    </bean>
    <bean id="neAction" class="cn.xyafu.drom.action.student.NewsAction" scope="prototype">
         <property name="newsService" ref="newsService"></property>
    </bean>
    <bean id="repAction" class="cn.xyafu.drom.action.student.RepairAction" scope="prototype">
         <property name="repairService" ref="repairService"></property>
    </bean>
    <bean id="messageAction" class="cn.xyafu.drom.action.student.MessageAction" scope="prototype">
         <property name="messageService" ref="messageService"></property>
    </bean>
</beans>
