<?xml version="1.0" encoding="UTF-8"?>
<beans xmlns="http://www.springframework.org/schema/beans"  
	xmlns:xsi="http://www.w3.org/2001/XMLSchema-instance"       
	xmlns:p="http://www.springframework.org/schema/p"  
	xmlns:context="http://www.springframework.org/schema/context"   
	xmlns:tx="http://www.springframework.org/schema/tx"  
	xmlns:aop="http://www.springframework.org/schema/aop"  
	xsi:schemaLocation="http://www.springframework.org/schema/beans    
	http://www.springframework.org/schema/beans/spring-beans.xsd    
	http://www.springframework.org/schema/aop    
	http://www.springframework.org/schema/aop/spring-aop.xsd    
	http://www.springframework.org/schema/tx    
	http://www.springframework.org/schema/tx/spring-tx.xsd    
	http://www.springframework.org/schema/context    
	http://www.springframework.org/schema/context/spring-context.xsd">
	
	
	<bean id="collegeService" class="cn.xyafu.drom.service.impl.CollegeServiceImpl">
	   <property name="baseDao" ref="baseDao"></property>
	</bean>
	<bean id="studentService" class="cn.xyafu.drom.service.impl.StudentServiceImpl">
	   <property name="baseDao" ref="baseDao"></property>
	</bean>
	<bean id="classService" class="cn.xyafu.drom.service.impl.ClassServiceImpl">
	   <property name="baseDao" ref="baseDao"></property>
	</bean>
	<bean id="dromService" class="cn.xyafu.drom.service.impl.DromServiceImpl">
	   <property name="baseDao" ref="baseDao"></property>
	</bean>
	<bean id="adminService" class="cn.xyafu.drom.service.impl.AdminServiceImpl">
	   <property name="baseDao" ref="baseDao"></property>
	</bean>
	<bean id="newsService" class="cn.xyafu.drom.service.impl.NewsServiceImpl">
	   <property name="baseDao" ref="baseDao"></property>
	</bean>
	<bean id="repairService" class="cn.xyafu.drom.service.impl.RepairServiceImpl">
	   <property name="baseDao" ref="baseDao"></property>
	</bean>
	<bean id="messageService" class="cn.xyafu.drom.service.impl.MessageServiceImpl">
	   <property name="baseDao" ref="baseDao"></property>
	</bean>
	
	

	
</beans>
