<?xml version="1.0" encoding="UTF-8"?>
<!DOCTYPE hibernate-mapping PUBLIC 
    "-//Hibernate/Hibernate Mapping DTD 3.0//EN"
    "http://www.hibernate.org/dtd/hibernate-mapping-3.0.dtd">
    <hibernate-mapping package="cn.xyafu.drom.domain">
    <!--class:
        name:类名
        table:对应数据库中的表名  -->
    <class name="Admin" table="admin">
         <id name="id" column="admin_id">
	       <generator class="assigned"></generator>
	    </id>
	    <!-- property:属性
	         name: 类中的名字
	         column:对应表中的列名 -->
	    <property name="admin_name" column="admin_name"></property>
	    <property name="admin_pwd" column="admin_pwd"></property>

    </class>
    
    
    
    
    
    
    
    
    </hibernate-mapping>