<?xml version="1.0" encoding="UTF-8"?>
<!DOCTYPE hibernate-mapping PUBLIC 
    "-//Hibernate/Hibernate Mapping DTD 3.0//EN"
    "http://www.hibernate.org/dtd/hibernate-mapping-3.0.dtd">
    <hibernate-mapping package="cn.xyafu.drom.domain">
    <!--class:
        name:类名
        table:对应数据库中的表名  -->
    <class name="Billinfo" table="billinfo">
         <id name="id" >
	       <generator class="foreign">
	       <param name="property">drom</param>
	       </generator>
	    </id>
	    <!-- property:属性
	         name: 类中的名字
	         column:对应表中的列名 -->
	    <property name="water" column="water"></property>
	    <property name="elect" column="elect"></property>
	    <property name="money" column="money"></property>
	    <one-to-one name="drom" class="Drom" constrained="true"  cascade="save-update"></one-to-one> 
    </class>
    
    </hibernate-mapping>