<?xml version="1.0" encoding="UTF-8"?>
<!DOCTYPE hibernate-mapping PUBLIC 
    "-//Hibernate/Hibernate Mapping DTD 3.0//EN"
    "http://www.hibernate.org/dtd/hibernate-mapping-3.0.dtd">
    <hibernate-mapping package="cn.xyafu.drom.domain">
    <!--class:
        name:类名
        table:对应数据库中的表名  -->
    <class name="Classes" table="class">
         <id name="id" column="class_id">
	       <generator class="assigned"></generator>
	    </id>
	    <!-- property:属性
	         name: 类中的名字
	         column:对应表中的列名 -->
	    <property name="class_name" column="class_name"></property>
	    <many-to-one name="proFession" class="Profession" column="p_id"></many-to-one>
	    <set name="students">
	       <key column="class_id"></key>
	       <one-to-many class="Student"/>
	    </set>
    </class>
    
    </hibernate-mapping>