<?xml version="1.0" encoding="UTF-8"?>
<!DOCTYPE hibernate-mapping PUBLIC 
    "-//Hibernate/Hibernate Mapping DTD 3.0//EN"
    "http://www.hibernate.org/dtd/hibernate-mapping-3.0.dtd">
    <hibernate-mapping package="cn.xyafu.drom.domain">
    <!--class:
        name:类名
        table:对应数据库中的表名  -->
    <class name="College" table="college">
         <id name="id" column="college_id">
	       <generator class="assigned"></generator>
	    </id>
	    <!-- property:属性
	         name: 类中的名字
	         column:对应表中的列名 -->
	    <property name="college_name" column="college_name"></property>
	    <set name="pro">
	       <key column="c_id"></key>
	       <one-to-many class="Profession"/>
	    </set>
    </class>
    
    </hibernate-mapping>