<?xml version="1.0" encoding="UTF-8"?>
<!DOCTYPE hibernate-mapping PUBLIC 
    "-//Hibernate/Hibernate Mapping DTD 3.0//EN"
    "http://www.hibernate.org/dtd/hibernate-mapping-3.0.dtd">
    <hibernate-mapping package="cn.xyafu.drom.domain">
    <!--class:
        name:类名
        table:对应数据库中的表名  -->
        <class name="Drom" table="drom">
        <id name="id" column="drom_id">
        <generator class="assigned"></generator>
        </id>
     <!-- property:属性
	         name: 类中的名字
	         column:对应表中的列名 -->
	      <property name="drom_hao" column="drom_hao"></property>
	      <property name="drom_sex" column="drom_sex"></property>
	      <property name="drom_count" column="drom_count"></property>
	    <one-to-one name="billinfo" class="Billinfo" ></one-to-one> 
	    <set name="students">
	       <key column="drom_id"></key>
	       <one-to-many class="Student"/>
	    </set>            
        </class>
        
 </hibernate-mapping>