<?xml version="1.0" encoding="UTF-8"?>
<!DOCTYPE hibernate-mapping PUBLIC 
    "-//Hibernate/Hibernate Mapping DTD 3.0//EN"
    "http://www.hibernate.org/dtd/hibernate-mapping-3.0.dtd">
    <hibernate-mapping package="cn.xyafu.drom.domain">
     <!--class:
        name:类名
        table:对应数据库中的表名  -->
        <class name="Message" table="message">
        <id name="id" column="m_id">
        <generator class="assigned"></generator>
        </id>
     <!-- property:属性
	         name: 类中的名字
	         column:对应表中的列名 -->
	      <property name="m_title" column="m_title"></property>
	      <property name="create_time" column="create_time"></property>
	      <property name="content" column="content"></property>
	      <property name="reply" column="reply"></property>
	      <property name="rename" column="rename"></property>
	      <property name="retime" column="retime"></property>
	      <many-to-one name="student" class="Student" column="stu_id"></many-to-one>
	      
        </class>
</hibernate-mapping>