<?xml version="1.0" encoding="UTF-8"?>
<!DOCTYPE hibernate-mapping PUBLIC 
    "-//Hibernate/Hibernate Mapping DTD 3.0//EN"
    "http://www.hibernate.org/dtd/hibernate-mapping-3.0.dtd">
    <hibernate-mapping package="cn.xyafu.drom.domain">
    <!--class:
        name:类名
        table:对应数据库中的表名  -->
    <class name="Profession" table="profession">
         <id name="id" column="p_id">
	       <generator class="assigned"></generator>
	    </id>
	    <!-- property:属性
	         name: 类中的名字
	         column:对应表中的列名 -->
	    <property name="p_name" column="p_name"></property>
	    <many-to-one name="college" class="College" column="c_id"></many-to-one>
	    <set name="classes">
	       <key column="p_id"></key>
	       <one-to-many class="Classes"/>
	    </set>
    </class>
    
    </hibernate-mapping>