<?xml version="1.0" encoding="UTF-8"?>
<!DOCTYPE hibernate-mapping PUBLIC 
    "-//Hibernate/Hibernate Mapping DTD 3.0//EN"
    "http://www.hibernate.org/dtd/hibernate-mapping-3.0.dtd">
    <hibernate-mapping package="cn.xyafu.drom.domain">
    <!--class:
        name:类名
        table:对应数据库中的表名  -->
    <class name="Student" table="student">
         <id name="id" column="stu_id">
	       <generator class="assigned"></generator>
	    </id>
	    <!-- property:属性
	         name: 类中的名字
	         column:对应表中的列名 -->
	    <property name="stu_name" column="stu_name"></property>
	    <property name="stu_pwd" column="stu_pwd"></property>
	    <property name="stu_sex" column="stu_sex"></property>
	    <many-to-one name="classes" class="Classes" column="class_id"></many-to-one>
	    <many-to-one name="drom" class="Drom" column="drom_id"></many-to-one>
	    <set name="messages">
	      <key column="stu_id"></key>
	      <one-to-many class="Message"/>
	    </set>
	    <set name="repairs">
	      <key column="stu_id"></key>
	      <one-to-many class="Repair"/>
	    </set>
    </class>
    
    </hibernate-mapping>