<?xml version="1.0" encoding="UTF-8"?>
<beans xmlns="http://www.springframework.org/schema/beans"  
	xmlns:xsi="http://www.w3.org/2001/XMLSchema-instance"       
	xmlns:p="http://www.springframework.org/schema/p"  
	xmlns:context="http://www.springframework.org/schema/context"   
	xmlns:tx="http://www.springframework.org/schema/tx"  
	xmlns:aop="http://www.springframework.org/schema/aop"  
	xsi:schemaLocation="http://www.springframework.org/schema/beans    
	http://www.springframework.org/schema/beans/spring-beans.xsd    
	http://www.springframework.org/schema/aop    
	http://www.springframework.org/schema/aop/spring-aop.xsd    
	http://www.springframework.org/schema/tx    
	http://www.springframework.org/schema/tx/spring-tx.xsd    
	http://www.springframework.org/schema/context    
	http://www.springframework.org/schema/context/spring-context.xsd">
	
	<!-- 1 配置数据源 -->
	<bean id="dataSource" class="com.mchange.v2.c3p0.ComboPooledDataSource">
		<property name="driverClass" value="com.mysql.cj.jdbc.Driver"></property>
		<property name="jdbcUrl" value="jdbc:mysql://localhost:3306/dromitory?serverTimezone=UTC"></property>
		<property name="user" value="root"></property>
		<property name="password" value="123"></property>
	</bean>
	
	<!-- 2 配置sessionFactory -->
	<bean id="sessionFactory" class="org.springframework.orm.hibernate5.LocalSessionFactoryBean">
		<property name="dataSource" ref="dataSource"></property>
		<property name="configLocation" value="classpath:hibernate.cfg.xml"></property>
	</bean>

	<!-- 4 配置事务管理器 -->
	<bean id="transactionManager" class="org.springframework.orm.hibernate5.HibernateTransactionManager">
		<property name="sessionFactory" ref="sessionFactory"></property>
	</bean>
	<!-- 5.txAdvice-->
	<tx:advice id="txAdvice" transaction-manager="transactionManager">
		<tx:attributes>
			<tx:method name="save*" propagation="REQUIRED"/>
			<tx:method name="insert*" propagation="REQUIRED"/>
			<tx:method name="update*" propagation="REQUIRED"/>
			<tx:method name="delete*" propagation="REQUIRED"/>
			
			<tx:method name="get*" read-only="true"/>
			<tx:method name="*" propagation="REQUIRED"/>
		</tx:attributes>
	</tx:advice>
	
	<!-- 6.aop-->
	<aop:config>
		<aop:pointcut id="pointcut" expression="execution(* cn.xyafu.drom.service.*.*(..))" />
		<aop:advisor advice-ref="txAdvice" pointcut-ref="pointcut" />
	</aop:config>
	
	<!-- 导入其他文件 -->
	<import resource="classpath:spring/applicationContext-dao.xml"/>
	<import resource="classpath:spring/applicationContext-service.xml"/>
	<import resource="classpath:spring/applicationContext-action.xml"/>
	
</beans>