<?xml version="1.0" encoding="UTF-8"?>
<!DOCTYPE hibernate-configuration PUBLIC
	"-//Hibernate/Hibernate Configuration DTD 3.0//EN"
	"http://www.hibernate.org/dtd/hibernate-configuration-3.0.dtd">
<hibernate-configuration>
	<session-factory>
		<property name="hibernate.show_sql">true</property>
		<property name="hibernate.format_sql">true</property>
		<property name="hibernate.hbm2ddl.auto">update</property>
		<property name="hibernate.dialect">org.hibernate.dialect.MySQLDialect</property>
		<!-- 懒加载，配合web.xml中配置的 openSessionInViewFilter -->
		<property name="hibernate.enable_lazy_load_no_trans">true</property>
        <!--校验模式  JPA  java persistent api-->
		<property name="javax.persistence.validation.mode">none</property>
		
		<mapping resource="/cn/xyafu/drom/domain/Student.hbm.xml"/>
		<mapping resource="/cn/xyafu/drom/domain/Admin.hbm.xml"/>
        <mapping resource="/cn/xyafu/drom/domain/Classes.hbm.xml"/>
        <mapping resource="/cn/xyafu/drom/domain/Profession.hbm.xml"/>
        <mapping resource="/cn/xyafu/drom/domain/College.hbm.xml"/>
        <mapping resource="/cn/xyafu/drom/domain/Billinfo.hbm.xml"/>
        <mapping resource="/cn/xyafu/drom/domain/Drom.hbm.xml"/>
        <mapping resource="/cn/xyafu/drom/domain/Message.hbm.xml"/>
        <mapping resource="/cn/xyafu/drom/domain/News.hbm.xml"/>
        <mapping resource="/cn/xyafu/drom/domain/Repair.hbm.xml"/>
        
		
	
	</session-factory>
</hibernate-configuration>

