<?xml version="1.0" encoding="UTF-8"?>
<!DOCTYPE struts PUBLIC
    "-//Apache Software Foundation//DTD Struts Configuration 2.3//EN"
    "http://struts.apache.org/dtds/struts-2.3.dtd">

<struts>
	<constant name="struts.ui.theme" value="simple"/>
	<constant name="struts.devMode" value="true" />
	<constant name="struts.i18n.encoding" value="UTF-8" />
	
	<package name="default" namespace="/" extends="struts-default">
	<action name="login"  class="loginAction" method="login">
	    <result name="login">/login/login.jsp</result>
	    <result name="admin">/sysadmin/adminIndex.jsp</result>
	    <result name="student">/student/stuIndex.jsp</result>
	</action>
		
		<action name="logout" method="logout" class="loginAction">
			<result name="logout">/login/login.jsp</result>
		</action>		
		
		<action name="homeAction_*" method="{1}" class="homeAction">
			<result name="fmain">/WEB-INF/pages/home/fmain.jsp</result>
			<result name="title">/WEB-INF/pages/home/title.jsp</result>
			<result name="toleft">/WEB-INF/pages/${moduleName}/left.jsp</result>
			<result name="tomain">/WEB-INF/pages/${moduleName}/main.jsp</result>
		</action>
	</package>
	<include file="struts/struts-cargo.xml"></include>
	<include file="struts/struts-stat.xml"></include>
	<include file="struts/struts-sysadmin.xml"></include>
	<include file="struts/struts-student.xml"></include>
</struts>