<?xml version="1.0" encoding="UTF-8"?>
<!DOCTYPE struts PUBLIC
    "-//Apache Software Foundation//DTD Struts Configuration 2.3//EN"
    "http://struts.apache.org/dtds/struts-2.3.dtd">
    <struts>
	<constant name="struts.ui.theme" value="simple"/>
	<constant name="struts.devMode" value="true" />
	<constant name="struts.i18n.encoding" value="UTF-8" />
	<!-- 船运模块 -->
	<package name="sysadmin" namespace="/sysadmin" extends="struts-default">
	
	
	<action name="collegeAction_*" class="collegeAction" method="{1}">
		   <result name="list">/sysadmin/collegeList.jsp</result>
		   <result name="toupdate">/sysadmin/collegeUpdate.jsp</result>
		   <result name="toview">/sysadmin/collegeView.jsp</result>
		   <result name="tocreate">/sysadmin/collegeCreate.jsp</result>
		   <result name="success" type="redirectAction">collegeAction_List</result>
	</action>
	<action name="studentAction_*" class="studentAction" method="{1}">
		   <result name="list">/sysadmin/studentList.jsp</result>
		   <result name="toupdate">/sysadmin/studentUpdate.jsp</result>
		   <result name="toview">/sysadmin/studentView.jsp</result>
		   <result name="tocreate">/sysadmin/studentCreate.jsp</result>
		   <result name="success" type="redirectAction">studentAction_list</result>
		   
	</action>
	<action name="classAction_*" class="classAction" method="{1}">
		   <result name="list">/sysadmin/classList.jsp</result>
		   <result name="toupdate">/sysadmin/classUpdate.jsp</result>
		   <result name="toview">/sysadmin/classView.jsp</result>
		   <result name="tocreate">/sysadmin/classCreate.jsp</result>
		   <result name="success" type="redirectAction">classAction_list</result>
		   
	</action>
	<action name="dromAction_*" class="dromAction" method="{1}">
		   <result name="list">/sysadmin/dromList.jsp</result>
		   <result name="toview">/sysadmin/dromView.jsp</result>
		   <result name="tocreate">/sysadmin/dromCreate.jsp</result>
		   <result name="success" type="redirectAction">dromAction_list</result>
		   
	</action>
	<action name="adminAction_*" class="adminAction" method="{1}">
		   <result name="toupdate">/sysadmin/adminUpdate.jsp</result>
		   <result name="toview">/sysadmin/adminView.jsp</result>
		   <result name="success" type="redirectAction">adminAction_toview</result>
	</action>
	<action name="newsAction_*" class="newsAction" method="{1}">
	       <result name="list">/sysadmin/newsList.jsp</result>
		   <result name="toupdate">/sysadmin/newsUpdate.jsp</result>
		   <result name="toview">/sysadmin/newsView.jsp</result>
		   <result name="tocreate">/sysadmin/newsCreate.jsp</result>
		   <result name="success" type="redirectAction">newsAction_list</result>
	</action>
	<action name="repairAction_*" class="repairAction" method="{1}">
	       <result name="list">/sysadmin/repairList.jsp</result>
		   <result name="toview">/sysadmin/repairView.jsp</result>
		   <result name="tocreate">/sysadmin/repairCreate.jsp</result>
		   <result name="success" type="redirectAction">repairAction_list</result>
	</action>
	</package>

</struts>