<?xml version="1.0" encoding="UTF-8"?>
<!DOCTYPE struts PUBLIC
    "-//Apache Software Foundation//DTD Struts Configuration 2.3//EN"
    "http://struts.apache.org/dtds/struts-2.3.dtd">
    <struts>
	<constant name="struts.ui.theme" value="simple"/>
	<constant name="struts.devMode" value="true" />
	<constant name="struts.i18n.encoding" value="UTF-8" />
	<!-- 船运模块 -->
	<package name="student" namespace="/student" extends="struts-default">
	
	
	<action name="collegeAction_*" class="collAction" method="{1}">
		   <result name="list">/student/collegeList.jsp</result>
		   <result name="toupdate">/student/collegeUpdate.jsp</result>
		   <result name="toview">/student/collegeView.jsp</result>
		   <result name="tocreate">/student/collegeCreate.jsp</result>
		   <result name="success" type="redirectAction">collegeAction_List</result>
	</action>
	<action name="studentAction_*" class="stuAction" method="{1}">
		   <result name="toupdate">/student/studentUpdate.jsp</result>
		   <result name="toview">/student/studentView.jsp</result>
		   <result name="update">/student/studentView.jsp</result>
		   <result name="tocreate">/student/studentCreate.jsp</result>
		   
	</action>
	<action name="classAction_*" class="claAction" method="{1}">
		   <result name="list">/student/classList.jsp</result>
		   <result name="toupdate">/student/classUpdate.jsp</result>
		   <result name="toview">/student/classView.jsp</result>
		   <result name="tocreate">/student/classCreate.jsp</result>
		   <result name="success" type="redirectAction">classAction_list</result>
		   
	</action>
	<action name="dromAction_*" class="drAction" method="{1}">
		   <result name="list">/student/dromList.jsp</result>
		   <result name="toview">/student/dromView.jsp</result>
		   <result name="tocreate">/student/dromCreate.jsp</result>
		   <result name="success" type="redirectAction">dromAction_list</result>
		   
	</action>
	<action name="adminAction_*" class="adAction" method="{1}">
		   <result name="toupdate">/student/adminUpdate.jsp</result>
		   <result name="toview">/student/adminView.jsp</result>
		   <result name="success" type="redirectAction">adminAction_toview</result>
	</action>
	<action name="newsAction_*" class="neAction" method="{1}">
	       <result name="list">/student/newsList.jsp</result>
		   <result name="toupdate">/student/newsUpdate.jsp</result>
		   <result name="toview">/student/newsView.jsp</result>
		   <result name="tocreate">/student/newsCreate.jsp</result>
		   <result name="success" type="redirectAction">newsAction_list</result>
	</action>
	<action name="repairAction_*" class="repAction" method="{1}">
	       <result name="list">/student/repairList.jsp</result>
		   <result name="toview">/student/repairView.jsp</result>
		   <result name="tocreate">/student/repairCreate.jsp</result>
		   <result name="success" type="redirectAction">repairAction_list</result>
	</action>
	<action name="messageAction_*" class="messageAction" method="{1}">
	       <result name="list">/student/messageList.jsp</result>
		   <result name="toview">/student/messageView.jsp</result>
		   <result name="tocreate">/student/messageCreate.jsp</result>
		   <result name="success" type="redirectAction">messageAction_list</result>
	</action>
	</package>

</struts>